CATEGORY,ITEM,kcal,protein_g,fat_g
CEREALS AND PRODUCTS,WHEAT ,334,12.2,2.3
CEREALS AND PRODUCTS,FLOUR OF WHEAT ,364,10.9,1.1
CEREALS AND PRODUCTS,BRAN OF WHEAT ,213,12.1,3.1
CEREALS AND PRODUCTS,MACARONI ,367,11,1.1
CEREALS AND PRODUCTS,GERM OF WHEAT ,382,29.1,10.7
CEREALS AND PRODUCTS,BREAD ,249,8.2,1.2
CEREALS AND PRODUCTS,BULGUR WHOLEMEAL ,345,12.3,2
CEREALS AND PRODUCTS,PASTRY ,369,7.4,17
CEREALS AND PRODUCTS,WHEAT STARCH,362,0.5,0.3
CEREALS AND PRODUCTS,WHEAT GLUTEN,380,95,0
CEREALS AND PRODUCTS,RICE PADDY ,280,6,1.4
CEREALS AND PRODUCTS,RICE HUSKED ,357,7.5,1.8
CEREALS AND PRODUCTS,RICE MILLED ,360,6.7,0.7
CEREALS AND PRODUCTS,RICE BROKEN ,360,6.7,0.7
CEREALS AND PRODUCTS,RICE FLOUR ,366,6.4,0.8
CEREALS AND PRODUCTS,RICE GLUTEN ,380,95,0
CEREALS AND PRODUCTS,RICE STARCH ,362,0.5,0.3
CEREALS AND PRODUCTS,BRAN OF RICE ,276,13.3,15.8
CEREALS AND PRODUCTS,BARLEY ,332,11,1.8
CEREALS AND PRODUCTS,POT BARLEY ,348,9.6,1.1
CEREALS AND PRODUCTS,BARLEY PEARLED,346,9,1.4
CEREALS AND PRODUCTS,BARLEY FLOUR AND GRITS,343,9.2,1.7
CEREALS AND PRODUCTS,MALT OF BARLEY ,368,13.1,1.9
CEREALS AND PRODUCTS,MALT EXTRACTS,367,6,0
CEREALS AND PRODUCTS,MAIZE ,356,9.5,4.3
CEREALS AND PRODUCTS,GERM OF MAIZE ,373,11.1,38.5
CEREALS AND PRODUCTS,FLOUR OF MAIZE ,363,8.4,1.2
CEREALS AND PRODUCTS,MAIZE GLUTEN,380,95,0
CEREALS AND PRODUCTS,STARCH OF MAIZE,362,0.5,0.3
CEREALS AND PRODUCTS,POP CORN ,356,9.5,4.3
CEREALS AND PRODUCTS,RYE ,319,11,1.9
CEREALS AND PRODUCTS,FLOUR OF RYE ,341,9,1.8
CEREALS AND PRODUCTS,OATS ,385,13,7.5
CEREALS AND PRODUCTS,OATS ROLLED,384,16,6.3
CEREALS AND PRODUCTS,MILLET ,340,9.7,3
CEREALS AND PRODUCTS,FLOUR OF MILLET,340,9.7,3
CEREALS AND PRODUCTS,SORGHUM ,343,10.1,3.3
CEREALS AND PRODUCTS,FLOUR OF SORGHM,343,10.1,3.3
CEREALS AND PRODUCTS,BUCKWHEAT ,330,11,2
CEREALS AND PRODUCTS,FLOUR OF BUCKWHEAT,344,6.4,1.2
CEREALS AND PRODUCTS,QUINOA ,342,12,5
CEREALS AND PRODUCTS,FONIO ,338,8,3
CEREALS AND PRODUCTS,FLOUR OF FONIO ,355,9,2.2
CEREALS AND PRODUCTS,TRITICALE ,327,11.6,2.1
CEREALS AND PRODUCTS,FLOUR OF TRITICALE,341,11.4,2.1
CEREALS AND PRODUCTS,CANARY SEED ,388,16,6
CEREALS AND PRODUCTS,MIXED GRAIN ,340,8,1.5
CEREALS AND PRODUCTS,FLOUR OF MIXED GRAIN,364,10,1.1
CEREALS AND PRODUCTS,CEREALS NES ,340,8,1.5
CEREALS AND PRODUCTS,WAFERS ,439,9.2,13.1
CEREALS AND PRODUCTS,FLOUR OF CEREALS,364,10,1.1
CEREALS AND PRODUCTS,BREAKFAST CEREALS,389,7.4,0.7
CEREALS AND PRODUCTS,CEREALS PREPARED NES,364,10,1.1
CEREALS AND PRODUCTS,MIXES AND DOUGHS,393,6.2,12
CEREALS AND PRODUCTS,FOOD PREPARATIONS FLOUR,377,7.5,2.7
"ROOTS, TUBERS AND PRODUCTS",POTATOES ,67,1.6,0.1
"ROOTS, TUBERS AND PRODUCTS",FLOUR OF POTATOES ,349,8.5,0.4
"ROOTS, TUBERS AND PRODUCTS",POTATOES FROZEN ,73,1.2,0
"ROOTS, TUBERS AND PRODUCTS",POTATO STARCH ,362,0.5,0.3
"ROOTS, TUBERS AND PRODUCTS",POTATO TAPIOCA ,362,0.5,0.3
"ROOTS, TUBERS AND PRODUCTS",SWEET POTATOES,92,0.7,0.2
"ROOTS, TUBERS AND PRODUCTS",CASSAVA ,109,0.9,0.2
"ROOTS, TUBERS AND PRODUCTS",FLOUR OF CASSAVA ,338,1.5,0.6
"ROOTS, TUBERS AND PRODUCTS",CASSAVA TAPIOCA ,362,0.5,0.3
"ROOTS, TUBERS AND PRODUCTS",CASSAVA DRIED ,255,2.8,0.7
"ROOTS, TUBERS AND PRODUCTS",CASSAVA STARCH,362,0.5,0.3
"ROOTS, TUBERS AND PRODUCTS",YAUTIA (COCOYAM),109,1.7,0.3
"ROOTS, TUBERS AND PRODUCTS",TARO (COCOYAM) ,86,1.5,0.2
"ROOTS, TUBERS AND PRODUCTS",YAMS ,101,1.3,0.2
"ROOTS, TUBERS AND PRODUCTS","ROOTS, TUBERS NES",91,1.6,0.2
"ROOTS, TUBERS AND PRODUCTS",FLOUR OF ROOTS AND TUBERS,282,5,0.6
"ROOTS, TUBERS AND PRODUCTS","ROOTS, TUBERS DRIED",282,5,0.6
SUGAR AND SYRUPS,SUGAR CANE ,30,0.2,0
SUGAR AND SYRUPS,SUGAR BEETS ,70,1.3,0.1
SUGAR AND SYRUPS,SUGAR CROPS NES,390,0,0
SUGAR AND SYRUPS,"SUGAR, CENTRIFUGAL RAW",373,0,0
SUGAR AND SYRUPS,SUGAR REFINED,387,0,0
SUGAR AND SYRUPS,"SUGAR, NONCENTRIFUGAL",351,1,0
SUGAR AND SYRUPS,MOLASSES ,232,0,0
SUGAR AND SYRUPS,MAPLE SUGAR ,348,0,0
SUGAR AND SYRUPS,SUGAR AND SYRUP NES ,310,0,0
SUGAR AND SYRUPS,SUGAR CONFECTIONERY ,310,0,0
SUGAR AND SYRUPS,SUGARS FLAVOURED ,310,0,0
SUGAR AND SYRUPS,GLUCOSE AND DEXTROSE,368,0,0
SUGAR AND SYRUPS,LACTOSE ,387,0,0
SUGAR AND SYRUPS,ISOGLUCOSE ,318,0,0
SUGAR AND SYRUPS,FRUCTOSE CHEMICAL,375,0,0
SUGAR AND SYRUPS,OTHER FRUCTOSE,298,0.3,0
SUGAR AND SYRUPS,MALTOSE CHEMICAL,375,0,0
SUGAR AND SYRUPS,HONEY ,298,0.4,0
PULSES,"BEANS, DRY ",341,22.1,1.7
PULSES,BROAD BEANS DRY,343,23.4,2
PULSES,"PEAS, DRY ",346,22.5,1.8
PULSES,CHICK-PEAS ,358,20.1,4.5
PULSES,COW PEAS DRY,342,23.4,1.8
PULSES,PIGEON PEAS ,343,20.9,1.7
PULSES,LENTILS ,346,24.2,1.8
PULSES,BAMBARA BEANS,365,17.7,6.3
PULSES,VETCHES ,325,31.5,1.9
PULSES,LUPINS ,390,40,13
PULSES,PULSES NES ,340,22,2
PULSES,FLOUR OF PULSES,340,22,2
TREENUTS,BRAZIL NUTS ,315,6.9,31.8
TREENUTS,CASHEW NUTS ,252,7.7,20.6
TREENUTS,CHESTNUTS ,158,1.8,1.7
TREENUTS,ALMONDS ,236,8,20.9
TREENUTS,WALNUTS ,289,6.4,27.8
TREENUTS,PISTACHIOS ,289,10.3,24.2
TREENUTS,KOLANUTS ,349,9,2
TREENUTS,HAZELNUTS ,291,6,28.8
TREENUTS,ARECANUTS ,245,4.9,4.4
TREENUTS,BRAZILNUT SHELLED,656,14.3,66.2
TREENUTS,CASHEW NUTS SHELLED ,574,15.3,46.4
TREENUTS,ALMONDS SHELLED ,589,20,52.2
TREENUTS,WALNUTS SHELLED,642,14.3,61.9
TREENUTS,HAZELNUTS SHELLED,632,13,62.6
TREENUTS,NUTS NES ,262,7,25
TREENUTS,PREPARED NUTS ,615,15.5,56.2
TREENUTS,SOYBEANS ,335,38,18
TREENUTS,CAKE OF SOYA BEANS,261,46,5
TREENUTS,SOYA SAUCE ,56,5.5,0.5
TREENUTS,SOYA PASTE ,114,11,5.8
TREENUTS,SOYA CURD ,58,6.3,3.1
TREENUTS,GROUNDNUTS IN SHELL ,414,18.7,35.9
TREENUTS,GROUNDNUTS SHELLED,567,25.7,49.2
TREENUTS,CAKE OF GROUNDNUTS,363,41.7,7.6
TREENUTS,GROUNDNUTS PREPARED,580,26.8,49.2
TREENUTS,PEANUT BUTTER,589,24.3,50
TREENUTS,COCONUTS ,184,1.7,17.4
TREENUTS,COCONUTS DESICCATED,660,6.9,64.5
TREENUTS,COPRA ,636,6,61.4
TREENUTS,OIL PALM FRUIT ,158,0.3,13.2
TREENUTS,PALM KERNELS,514,7.3,43.4
TREENUTS,OLIVES ,175,1.3,17.5
TREENUTS,"OLIVES,PRESERVED ",109,1.1,11.1
TREENUTS,KARITE NUTS ,579,6.8,49
TREENUTS,SUNFLOWER SEED,308,12.3,26.8
TREENUTS,RAPESEED ,494,19.6,45
TREENUTS,SAFFLOWER ,314,9.7,30.3
TREENUTS,SESAME SEED ,573,17.7,49.7
TREENUTS,CAKE OF SESAME SEED ,376,40.7,3.4
TREENUTS,MUSTARD SEED,469,24.9,28.8
TREENUTS,FLOUR OF MUSTARD SEED,469,26.4,36.3
TREENUTS,POPPY SEED ,533,18,44.7
TREENUTS,MELONSEED ,400,18.2,33.9
TREENUTS,COTTONSEED ,253,17.3,17.9
TREENUTS,LINSEED ,498,18,34
TREENUTS,OILSEEDS NES,387,14.7,31.7
TREENUTS,FLOUR/MEAL OF OILSEEDS ,393,37.2,15.6
VEGETABLES AND PRODUCTS,CABBAGES ,19,1,0.1
VEGETABLES AND PRODUCTS,ARTICHOKES ,20,1.1,0.1
VEGETABLES AND PRODUCTS,ASPARAGUS ,12,1.6,0.1
VEGETABLES AND PRODUCTS,LETTUCE ,12,1.1,0.2
VEGETABLES AND PRODUCTS,SPINACH ,16,2.1,0.3
VEGETABLES AND PRODUCTS,CASSAVA LEAVES,53,5.8,1.1
VEGETABLES AND PRODUCTS,TOMATOES ,17,0.8,0.2
VEGETABLES AND PRODUCTS,TOMATO JUICE,17,0.8,0.1
VEGETABLES AND PRODUCTS,TOMATO JUICE CONCENTRATED ,76,3.4,0.4
VEGETABLES AND PRODUCTS,TOMATO PASTE,84,3.8,0.9
VEGETABLES AND PRODUCTS,TOMATOES PEELED,19,0.9,0.2
VEGETABLES AND PRODUCTS,CAULIFLOWER ,9,0.8,0.1
VEGETABLES AND PRODUCTS,"PUMPKINS, SQUASH, GOURDS",19,0.9,0.1
VEGETABLES AND PRODUCTS,"CUCUMBERS, GHERINKS",13,0.5,0.1
VEGETABLES AND PRODUCTS,EGGPLANTS ,21,0.9,0.1
VEGETABLES AND PRODUCTS,"CHILLIES, PEPPERS,GREEN",25,1.1,0.3
VEGETABLES AND PRODUCTS,"ONIONS,SHALLOTS, GREEN",24,1.7,0.1
VEGETABLES AND PRODUCTS,"ONIONS, DRY ",31,1.1,0.2
VEGETABLES AND PRODUCTS,GARLIC ,130,5.5,0.4
VEGETABLES AND PRODUCTS,LEEKS ,37,0.7,0.1
VEGETABLES AND PRODUCTS,"BEANS, GREEN",50,3,0.4
VEGETABLES AND PRODUCTS,"PEAS, GREEN ",31,2.1,0.2
VEGETABLES AND PRODUCTS,"BROAD BEANS,GREEN",23,2.3,0.1
VEGETABLES AND PRODUCTS,STRING BEANS,27,1.6,0.1
VEGETABLES AND PRODUCTS,CARROTS ,38,0.9,0.2
VEGETABLES AND PRODUCTS,OKRA ,31,1.6,0.3
VEGETABLES AND PRODUCTS,GREEN CORN ,56,2.1,0.8
VEGETABLES AND PRODUCTS,SWEET CORN FROZEN,54,1.8,0.4
VEGETABLES AND PRODUCTS,SWEET CORN PREPARED,77,2.3,0.6
VEGETABLES AND PRODUCTS,MUSHROOMS ,24,2,0.4
VEGETABLES AND PRODUCTS,MUSHROOMS CANNED,24,1.9,0.3
VEGETABLES AND PRODUCTS,MUSHROOMS DRIED ,296,9.6,1
VEGETABLES AND PRODUCTS,VEGETABLES NES FRESH ,22,1.4,0.2
VEGETABLES AND PRODUCTS,VEGETABLES NES DRIED ,176,11.2,1.6
VEGETABLES AND PRODUCTS,VEGETABLES NES CANNED ,36,1.4,0.3
VEGETABLES AND PRODUCTS,VEGETABLES NES JUICE,19,0.6,0.1
VEGETABLES AND PRODUCTS,VEGETABLES DEHYDRATED ,341,6.6,1.3
VEGETABLES AND PRODUCTS,VEGETABLES PREPARED BY VINEGAR,29,1.4,1.3
VEGETABLES AND PRODUCTS,VEGETABLES PREPARED NES ,38,2.1,0.3
VEGETABLES AND PRODUCTS,VEGETABLES FROZEN ,71,3.3,0.5
VEGETABLES AND PRODUCTS,VEGETABLES PROVISIONALLY PRESERVED,65,3.3,0.3
VEGETABLES AND PRODUCTS,VEGETABLES PREPARED OR PRES.FROZEN,54,2.4,0.4
VEGETABLES AND PRODUCTS,HOMOGENIZED VEGETABLES PREPARED,41,1.2,0.5
FRUITS AND PRODUCTS,BANANAS ,60,0.7,0.3
FRUITS AND PRODUCTS,PLANTAINS ,75,0.8,0.3
FRUITS AND PRODUCTS,ORANGES ,34,0.7,0.1
FRUITS AND PRODUCTS,ORANGE JUICE ,42,0.6,0.1
FRUITS AND PRODUCTS,ORANGE JUICE CONCENTRATED ,159,2.4,0.2
FRUITS AND PRODUCTS,"TANGERINES, MANDARINES, CLEMENTINES ",32,0.5,0.1
FRUITS AND PRODUCTS,TANGERINES JUICE,43,0.5,0.2
FRUITS AND PRODUCTS,LEMONS AND LIMES,15,0.6,0.2
FRUITS AND PRODUCTS,LEMON JUICE ,22,0.5,0.3
FRUITS AND PRODUCTS,LEMON JUICE CONCENTRATED ,116,2.3,0.9
FRUITS AND PRODUCTS,GRAPEFRUIT AND POMELO,16,0.3,0.1
FRUITS AND PRODUCTS,GRAPEFRUIT JUICE,39,0.5,0.1
FRUITS AND PRODUCTS,GRAPEFRUIT JUICE CONCENTRATED,146,2,0.5
FRUITS AND PRODUCTS,CITRUS FRUIT NES,26,0.5,0.2
FRUITS AND PRODUCTS,CITRUS FRUIT NES JUICE ,47,0.6,0.2
FRUITS AND PRODUCTS,CITRUS FRUIT NES JUICE CONCENTRATED,157,2.1,0.5
FRUITS AND PRODUCTS,APPLES ,48,0.1,0.3
FRUITS AND PRODUCTS,APPLES JUICE ,47,0.1,0.1
FRUITS AND PRODUCTS,APPLES JUICE CONCENTRATED ,166,0.5,0.4
FRUITS AND PRODUCTS,PEARS ,54,0.4,0.4
FRUITS AND PRODUCTS,QUINCES ,35,0.2,0.1
FRUITS AND PRODUCTS,APRICOTS ,45,1.3,0.4
FRUITS AND PRODUCTS,SOUR CHERRY ,45,0.9,0.3
FRUITS AND PRODUCTS,CHERRIES ,65,1.1,0.9
FRUITS AND PRODUCTS,PEACHES AND NECTARINES ,33,0.5,0.1
FRUITS AND PRODUCTS,PLUMS ,52,0.7,0.6
FRUITS AND PRODUCTS,PLUM JUICE,71,0.6,0
FRUITS AND PRODUCTS,PLUM JUICE CONCENTRATED ,215,2,0.1
FRUITS AND PRODUCTS,STONE FRUIT NES,52,0.9,0.3
FRUITS AND PRODUCTS,POME FRUIT NES,48,0.4,0.3
FRUITS AND PRODUCTS,CAROBS ,111,1.6,0.5
FRUITS AND PRODUCTS,STRAWBERRIES,28,0.6,0.4
FRUITS AND PRODUCTS,RASPBERRIES ,47,0.9,0.5
FRUITS AND PRODUCTS,GOOSEBERRIES,44,0.9,0.6
FRUITS AND PRODUCTS,CURRANTS ,59,1.4,0.3
FRUITS AND PRODUCTS,BLUEBERRIES ,55,0.7,0.4
FRUITS AND PRODUCTS,CRANBERRIES ,47,0.4,0.2
FRUITS AND PRODUCTS,BERRIES NES ,49,1,0.7
FRUITS AND PRODUCTS,GRAPES ,53,0.5,0.4
FRUITS AND PRODUCTS,GRAPE JUICE ,61,0.6,0.1
FRUITS AND PRODUCTS,WATERMELONS ,17,0.3,0.2
FRUITS AND PRODUCTS,MELONS ,17,0.4,0.1
FRUITS AND PRODUCTS,FIGS ,73,0.8,0.3
FRUITS AND PRODUCTS,MANGOES ,45,0.4,0.2
FRUITS AND PRODUCTS,MANGO JUICE ,62,0.3,0.4
FRUITS AND PRODUCTS,MANGO PULP ,65,0.5,0.3
FRUITS AND PRODUCTS,AVOCADOS ,119,1.5,11.3
FRUITS AND PRODUCTS,PINEAPPLES ,26,0.2,0.2
FRUITS AND PRODUCTS,PINEAPPLES CANNED,78,0.4,0.1
FRUITS AND PRODUCTS,PINEAPPLES JUICE ,56,0.3,0.1
FRUITS AND PRODUCTS,PINEAPPLES JUICE CONCENTRATED,179,1.3,0.1
FRUITS AND PRODUCTS,PERSIMMONS ,82,0.6,0.3
FRUITS AND PRODUCTS,CASHEWAPPLE ,43,0.8,0.6
FRUITS AND PRODUCTS,KIWI ,52,0.9,0.4
FRUITS AND PRODUCTS,PAPAYAS ,26,0.4,0.1
FRUITS AND PRODUCTS,FRUIT TROPICAL NES,41,0.5,0.7
FRUITS AND PRODUCTS,FRUIT NES FRESH ,45,0.5,0.5
FRUITS AND PRODUCTS,FRUIT NES JUICE,48,0.5,0.1
FRUITS AND PRODUCTS,FRUIT NES PREPARED ,36,0.5,0.2
FRUITS AND PRODUCTS,FLOUR OF FRUIT ,346,3.9,1.8
FRUITS AND PRODUCTS,"FRUIT,NUTS,FRUIT PEEL PRESERVED BY SUGAR ",212,0.6,0
FRUITS AND PRODUCTS,FRUIT COOKED HOMOGENIZED,59,0.3,0
FRUITS AND PRODUCTS: Dried fruits,Dried fruits,  ,  ,  
FRUITS AND PRODUCTS: Dried fruits,APRICOTS DRIED,238,3.7,0.5
FRUITS AND PRODUCTS: Dried fruits,PLUMS DRIED,208,2.3,0.5
FRUITS AND PRODUCTS: Dried fruits,RAISINS ,299,3.2,0.5
FRUITS AND PRODUCTS: Dried fruits,FIGS DRIED ,253,3,1.2
FRUITS AND PRODUCTS: Dried fruits,DATES ,156,1.5,0.4
FRUITS AND PRODUCTS: Dried fruits,FRUIT TROPICAL NES DRIED ,267,2.8,0.6
FRUITS AND PRODUCTS: Dried fruits,FRUIT NES DRIED ,267,2.8,0.6
STIMULANTS,COFFEE GREEN,47,6.7,0
STIMULANTS,COFFEE ROASTED,56,8,0
STIMULANTS,COFFEE SUBSTITUTES,56,8,0
STIMULANTS,COFFEE EXTRACTS ,129,4,0
STIMULANTS,CHICORY ROOTS,60,1.1,0.2
STIMULANTS,COCOA BEANS ,414,4,40
STIMULANTS,COCOA PASTE ,472,1.7,44
STIMULANTS,COCOA BUTTER,711,0,85
STIMULANTS,COCOA POWDER,261,17.3,19
STIMULANTS,CHOCOLATE PRODUCTS NES,393,4.2,35.7
STIMULANTS,TEA ,40,10,0
STIMULANTS,EXTRACT TEA,18,4.5,0
STIMULANTS,TEA NES ,40,10,0
STIMULANTS,MATE ,40,10,0
SPICES ,PEPPER WHITE/LONG/BLACK,276,10.7,2.7
SPICES ,PIMENTO ,318,12,17.3
SPICES ,CINNAMON ,261,3.9,3.2
SPICES ,CLOVES ,323,6,20.1
SPICES ,NUTMEG ,525,5.8,36.3
SPICES ,ANISE ,345,15.8,14.9
SPICES ,GINGER ,347,9.1,6
SPICES ,SPICES NES ,337,11.3,15.5
ALCOHOLIC BEVERAGES,WHEAT FERMENTED BEVERAGE,60,1.9,0.3
ALCOHOLIC BEVERAGES,RICE FERMENTED BEVERAGE,133,0.3,0
ALCOHOLIC BEVERAGES,BEER BARLEY ,49,0.5,0
ALCOHOLIC BEVERAGES,BEER MAIZE ,40,0.4,0
ALCOHOLIC BEVERAGES,BEER MILLET ,40,0.4,0
ALCOHOLIC BEVERAGES,BEER SORGHUM,40,0.4,0
ALCOHOLIC BEVERAGES,"FERMENTED BEVERAGES, CIDER ETC.",47,0.1,0
ALCOHOLIC BEVERAGES,MUST OF GRAPES ,61,0.6,0.1
ALCOHOLIC BEVERAGES,WINE ,68,0,0
ALCOHOLIC BEVERAGES,VERMOUTHS AND SIMILAR,137,0.1,0
ALCOHOLIC BEVERAGES,BEVERAGES DIST. ALCOHOL ,295,0,0
MEAT AND PRODUCTS,BEEF BONELESS,150,18.5,7.9
MEAT AND PRODUCTS,BEEF DRIED SALTED SMOKED ,203,34.3,6.3
MEAT AND PRODUCTS,MEAT EXTRACTS,238,16,8.9
MEAT AND PRODUCTS,BEEF SAUSAGES,313,11.7,28.4
MEAT AND PRODUCTS,BEEF PREPARATIONS ,233,25,14
MEAT AND PRODUCTS,BEEF CANNED ,233,25,14
MEAT AND PRODUCTS,HOMOGENIZED MEAT PREPARED,110,13.7,5.7
MEAT AND PRODUCTS,LIVER PREPARATIONS,315,13.6,2.8
MEAT AND PRODUCTS,OFFALS OF CATTLE,105,18.4,2.5
MEAT AND PRODUCTS,BUFFALO MEAT,77,11.3,3.1
MEAT AND PRODUCTS,OFFALS OF BUFFALO,105,18.4,2.5
MEAT AND PRODUCTS,MUTTON AND LAMB ,263,13.5,22.8
MEAT AND PRODUCTS,OFFALS OF SHEEP,117,14.6,5.7
MEAT AND PRODUCTS,GOAT MEAT ,123,14,7
MEAT AND PRODUCTS,OFFALS OF GOATS,117,14.6,5.7
MEAT AND PRODUCTS,PIGMEAT ,326,11,31
MEAT AND PRODUCTS,PORK ,220,13.4,18
MEAT AND PRODUCTS,BACON - HAM OF PIGS ,362,13.1,34.1
MEAT AND PRODUCTS,PIG MEAT SAUSAGES,417,11.7,40.3
MEAT AND PRODUCTS,PIG MEAT PREPARATIONS ,239,16.1,18.8
MEAT AND PRODUCTS,OFFALS OF PIGS ,113,18.3,3.5
MEAT AND PRODUCTS,CHICKEN MEAT,122,12.3,7.7
MEAT AND PRODUCTS,CHICKEN MEAT CANNED,165,21.8,8
MEAT AND PRODUCTS,OFFAL OF CHICKENS,125,18,3.9
MEAT AND PRODUCTS,FAT LIVER PREPARATIONS,462,11.4,43.8
MEAT AND PRODUCTS,DUCK MEAT ,291,8.3,28.3
MEAT AND PRODUCTS,OFFALS LIVER DUCKS,136,18.7,4.6
MEAT AND PRODUCTS,GOOSE MEAT ,301,12.9,27.2
MEAT AND PRODUCTS,OFFALS LIVER GEESE,133,16.4,4.3
MEAT AND PRODUCTS,TURKEY MEAT ,126,16.1,6.3
MEAT AND PRODUCTS,OFFALS LIVER TURKEYS,137,20,4
MEAT AND PRODUCTS,PIGEONS OTHER BIRDS,226,14.2,18.3
MEAT AND PRODUCTS,POULTRY MEAT,185,17.1,12.4
MEAT AND PRODUCTS,HORSEMEAT ,85,15.5,2
MEAT AND PRODUCTS,OFFALS OF HORSES,105,18.4,2.5
MEAT AND PRODUCTS,MEAT OF ASSES ,94,15,3
MEAT AND PRODUCTS,MEAT OF MULES ,94,15,3
MEAT AND PRODUCTS,MEAT OF CAMELS ,174,12.7,13.2
MEAT AND PRODUCTS,OFFALS OF CAMELS,105,18.4,2.5
MEAT AND PRODUCTS,RABBIT MEAT ,118,17,5
MEAT AND PRODUCTS,MEAT OF OTHER RODENTS,81,16.2,1.4
MEAT AND PRODUCTS,MEAT OF OTHER CAMELIDS,143,14.6,9
MEAT AND PRODUCTS,OFFALS OF OTHER CAMELIDS,105,18.4,2.5
MEAT AND PRODUCTS,GAME MEAT ,104,18,3
MEAT AND PRODUCTS,MEAT NES ,126,16.4,6
MEAT AND PRODUCTS,MEAT NES DRIED,250,55.4,1.5
MEAT AND PRODUCTS,MEAT PREPARED NES ,242,20.6,16.9
MEAT AND PRODUCTS,OFFALS NES ,105,18.4,2.5
MEAT AND PRODUCTS,SNAILS NOT SEA,42,6.3,0.5
EGGS,HEN EGGS ,139,10.7,9.8
EGGS,EGGS LIQUID HEN ,158,12.1,11.2
EGGS,EGGS DRY HEN,594,45.8,41.8
EGGS,EGG ALBUMINE,49,10.1,0
EGGS,EGGS EXCLUDING HEN EGGS,163,11.3,12.1
FISH AND FISHERIES PRODUCTS,FRESHWATER DIADROMOUS FISH FRESH,69,10.9,2.5
FISH AND FISHERIES PRODUCTS,FRESHWATER DIADROMOUS FISH FILLET,127,20.3,4.5
FISH AND FISHERIES PRODUCTS,FRESHWATER DIADROMOUS FISH CURED,199,31.3,7.2
FISH AND FISHERIES PRODUCTS,FRESHWATER DIADROMOUS FISH CANNED,161,19.8,8.4
FISH AND FISHERIES PRODUCTS,FRESHWATER DIADROM. FISH PREPARED NES,262,26.9,15
FISH AND FISHERIES PRODUCTS,DEMERSAL FISH FRESH,42,8.3,0.8
FISH AND FISHERIES PRODUCTS,DEMERSAL FISH FILLET,90,17.9,1.6
FISH AND FISHERIES PRODUCTS,DEMERSAL FISH CURED,186,37.9,1.9
FISH AND FISHERIES PRODUCTS,DEMERSAL FISH CANNED,173,25,6.3
FISH AND FISHERIES PRODUCTS,DEMERSAL FISH PREPARED NES,320,25,23.5
FISH AND FISHERIES PRODUCTS,PELAGIC FISH FRESH,86,12.6,3.6
FISH AND FISHERIES PRODUCTS,PELAGIC FISH FILLET,141,20.2,6
FISH AND FISHERIES PRODUCTS,PELAGIC FISH CURED,156,26.4,4.5
FISH AND FISHERIES PRODUCTS,PELAGIC FISH CANNED,185,20.8,10.2
FISH AND FISHERIES PRODUCTS,PELAGIC FISH PREPARED NES,318,44.2,13.6
FISH AND FISHERIES PRODUCTS,MARINE FISH NES FRESH ,64,10.3,2.2
FISH AND FISHERIES PRODUCTS,MARINE FISH NES FILLET,115,19,3.8
FISH AND FISHERIES PRODUCTS,MARINE FISH NES CURED,169,32.1,3.2
FISH AND FISHERIES PRODUCTS,MARINE FISH NES CANNED,179,22.9,8.2
FISH AND FISHERIES PRODUCTS,MARINE FISH PREPARED NES,132,17.5,5
FISH AND FISHERIES PRODUCTS,CRUSTACEANS FRESH,47,9.3,0.5
FISH AND FISHERIES PRODUCTS,CRUSTACEANS FROZEN,91,18.4,0.8
FISH AND FISHERIES PRODUCTS,CRUSTACEANS CURED,149,25.4,1.3
FISH AND FISHERIES PRODUCTS,CRUSTACEANS CANNED,98,19.8,1.1
FISH AND FISHERIES PRODUCTS,CRUSTACEANS PREPARED NES,113,19.5,1.8
FISH AND FISHERIES PRODUCTS,MOLLUSCS FRESH,15,2.3,0.2
FISH AND FISHERIES PRODUCTS,MOLLUSCS FROZEN,71,10.5,1.2
FISH AND FISHERIES PRODUCTS,MOLLUSCS CURED,345,49.4,4.7
FISH AND FISHERIES PRODUCTS,MOLLUSCS CANNED,98,14.9,2.6
FISH AND FISHERIES PRODUCTS,CEPHALOPODS FRESH,66,13.5,0.7
FISH AND FISHERIES PRODUCTS,CEPHALOPODS FROZEN,74,15.1,0.9
FISH AND FISHERIES PRODUCTS,CEPHALOPODS CURED,341,61.6,6.2
FISH AND FISHERIES PRODUCTS,CEPHALOPODS CANNED,137,20.8,2.8
FISH AND FISHERIES PRODUCTS,CEPHALOPODS PREPARED NES,130,20.8,1.5
FISH AND FISHERIES PRODUCTS,AQUATIC MAMMALS MEAT,136,21,5
FISH AND FISHERIES PRODUCTS,AQUATIC MAMMALS PREPARED NES,156,20.6,7.5
FISH AND FISHERIES PRODUCTS,AQUATIC ANIMALS NES FRESH,30,4,0.2
FISH AND FISHERIES PRODUCTS,AQUATIC ANIMALS NES CURED,33,5.5,0.1
FISH AND FISHERIES PRODUCTS,AQUATIC ANIMALS PREPARED NES,168,11.5,3.8
FISH AND FISHERIES PRODUCTS,AQUATIC PLANTS,54,2.8,0.6
FISH AND FISHERIES PRODUCTS,AQUATIC PLANTS DRIED,215,16.4,0.9
FISH AND FISHERIES PRODUCTS,AQUATIC PLANTS PREPARED NES,312,1.3,1.2
MILK AND CHEESE,"COW MILK, WHOLE FRESH ",61,3.3,3.3
MILK AND CHEESE,STANDARDIZED MILK,48,3.3,1.5
MILK AND CHEESE,"CREAM, FRESH",195,2.7,19.3
MILK AND CHEESE,WHOLE COW MILK EVAPORATED,134,6.8,7.6
MILK AND CHEESE,WHOLE COW MILK CONDENSED,321,7.9,8.7
MILK AND CHEESE,WHOLE COW MILK DRY ,496,26.3,26.7
MILK AND CHEESE,SKIM MILK OF COWS,35,3.4,0.2
MILK AND CHEESE,SKIM MILK EVAPORATED ,78,7.6,0.2
MILK AND CHEESE,SKIM MILK CONDENSED,271,10,0.2
MILK AND CHEESE,SKIM MILK DRY ,362,36.2,0.8
MILK AND CHEESE,BUTTERMILK CURDLED,75,3,5.2
MILK AND CHEESE,BUTTERMILK DRY,387,34.3,5.8
MILK AND CHEESE,YOGHURT ,61,3.5,3.3
MILK AND CHEESE,YOGHURT CONCENTRATED,82,4.7,1.5
MILK AND CHEESE,RECONSTITUTED MILK ,61,1.8,3.4
MILK AND CHEESE,CHEESE WHOLE COW MILK,387,25,31
MILK AND CHEESE,CHEESE SKIM COW MILK,247,46,4
MILK AND CHEESE,WHEY CHEESE ,72,12.4,1
MILK AND CHEESE,PROCESSED CHEESE ,103,12.5,4.5
MILK AND CHEESE,WHEY FRESH ,26,0.8,0.2
MILK AND CHEESE,WHEY CONDENSED,26,0.9,0.3
MILK AND CHEESE,WHEY DRY ,346,12.3,0.8
MILK AND CHEESE,CASEIN ,427,100,0
MILK AND CHEESE,BUFFALO MILK,97,3.8,6.9
MILK AND CHEESE,SKIM MILK OF BUFFALO,41,4.3,0.1
MILK AND CHEESE,CHEESE BUFFALO MILK ,269,16.9,22
MILK AND CHEESE,SHEEP MILK ,94,5.9,6
MILK AND CHEESE,CHEESE SHEEP MILK,310,23.2,22.8
MILK AND CHEESE,SKIM MILK OF SHEEP,48,6.1,0.4
MILK AND CHEESE,GOAT MILK ,69,3.6,4.1
MILK AND CHEESE,CHEESE GOAT MILK ,280,16,15
MILK AND CHEESE,SKIM MILK OF GOAT,35,3.4,0.2
MILK AND CHEESE,CAMEL MILK ,73,3.8,4.5
OILS AND FATS: VEGETABLE OILS,OIL OF RICE BRAN,884,0,100
OILS AND FATS: VEGETABLE OILS,OIL OF MAIZE ,884,0,100
OILS AND FATS: VEGETABLE OILS,OIL OF SOYABEANS,884,0,100
OILS AND FATS: VEGETABLE OILS,OIL OF GROUNDNUTS,884,0,100
OILS AND FATS: VEGETABLE OILS,OIL OF COCONUTS,884,0,100
OILS AND FATS: VEGETABLE OILS,PALM OIL ,884,0,100
OILS AND FATS: VEGETABLE OILS,OIL OF PALM KERNELS,884,0,100
OILS AND FATS: VEGETABLE OILS,OLIVE OIL ,884,0,100
OILS AND FATS: VEGETABLE OILS,BUTTER OF KARITE NUTS,711,0,85
OILS AND FATS: VEGETABLE OILS,OIL OF CASTOR BEANS,884,0,100
OILS AND FATS: VEGETABLE OILS,OIL OF SUNFLOWER SEED ,884,0,100
OILS AND FATS: VEGETABLE OILS,OIL OF RAPESEED,884,0,100
OILS AND FATS: VEGETABLE OILS,OIL OF OLIVE RESIDUES,884,0,100
OILS AND FATS: VEGETABLE OILS,TUNG OIL ,884,0,100
OILS AND FATS: VEGETABLE OILS,OIL OF SAFFLOWER ,884,0,100
OILS AND FATS: VEGETABLE OILS,OIL OF SESAME SEED ,884,0,100
OILS AND FATS: VEGETABLE OILS,OIL OF MUSTARD SEED ,884,0,100
OILS AND FATS: VEGETABLE OILS,OIL OF POPPY SEED ,884,0,100
OILS AND FATS: VEGETABLE OILS,STILLINGIA OIL,884,0,100
OILS AND FATS: VEGETABLE OILS,OIL OF KAPOK,884,0,100
OILS AND FATS: VEGETABLE OILS,OIL OF COTTON SEED,884,0,100
OILS AND FATS: VEGETABLE OILS,OIL OF LINSEED ,884,0,100
OILS AND FATS: VEGETABLE OILS,OIL OF HEMPSEED ,884,0,100
OILS AND FATS: VEGETABLE OILS,OIL OF VEGETABLE ORIGIN NES,884,0,100
OILS AND FATS: VEGETABLE OILS,MARGARINE ,720,0.6,81
OILS AND FATS: VEGETABLE OILS,OILS BOILED ,902,0,100
OILS AND FATS: VEGETABLE OILS,OILS HYDROGENATED,720,0.6,81
OILS AND FATS: ANIMALS FATS,FAT OF CATTLE ,847,2,93
OILS AND FATS: ANIMALS FATS,CATTLE BUTCHER FAT,847,2,93
OILS AND FATS: ANIMALS FATS,BUTTER OF COW MILK,717,0.9,81.1
OILS AND FATS: ANIMALS FATS,GHEE FROM COW MILK ,873,0.3,99.1
OILS AND FATS: ANIMALS FATS,FAT OF BUFFALO ,847,2,93
OILS AND FATS: ANIMALS FATS,BUTTER OF BUFFALO MILK,717,0.9,81.1
OILS AND FATS: ANIMALS FATS,GHEE FROM BUFFALO MILK,873,0.3,99.1
OILS AND FATS: ANIMALS FATS,FAT OF SHEEP,902,0,100
OILS AND FATS: ANIMALS FATS,BUTTER OF SHEEP MILK,716,0.6,81
OILS AND FATS: ANIMALS FATS,FAT OF GOATS,847,2,93
OILS AND FATS: ANIMALS FATS,BUTTER OF GOAT MILK,717,0.9,81.1
OILS AND FATS: ANIMALS FATS,FAT OF PIGS ,712,4.7,76.7
OILS AND FATS: ANIMALS FATS,PIG BUTCHER FAT ,712,4.7,76.7
OILS AND FATS: ANIMALS FATS,LARD ,902,0,100
OILS AND FATS: ANIMALS FATS,FAT OF POULTRY,629,3.7,68
OILS AND FATS: ANIMALS FATS,FAT OF POULTRY RENDERED,901,0,99.8
OILS AND FATS: ANIMALS FATS,FAT OF CAMELS ,847,2,93
OILS AND FATS: ANIMALS FATS,FAT OF OTHER CAMELIDS,847,2,93
OILS AND FATS: ANIMALS FATS,ANIMAL OILS AND FATS NES ,902,0,100
OILS AND FATS: ANIMALS FATS,TALLOW ,884,0,100
OILS AND FATS: ANIMALS FATS,FATS PREPARATION NES,720,0.6,81
OILS AND FATS: ANIMALS FATS,FRESHWATER DIADROMOUS FISH BODY OIL,902,0,100
OILS AND FATS: ANIMALS FATS,FRESHWATER DIADROMOUS FISH LIVER OIL,902,0,100
OILS AND FATS: ANIMALS FATS,DEMERSAL FISH BODY OIL,902,0,100
OILS AND FATS: ANIMALS FATS,DEMERSAL FISH LIVER OIL,902,0,100
OILS AND FATS: ANIMALS FATS,PELAGIC FISH BODY OIL,902,0,100
OILS AND FATS: ANIMALS FATS,PELAGIC FISH LIVER OIL,902,0,100
OILS AND FATS: ANIMALS FATS,MARINE FISH NES BODY OIL,902,0,100
OILS AND FATS: ANIMALS FATS,MARINE FISH L221NES LIVER OIL,902,0,100
OILS AND FATS: ANIMALS FATS,AQUATIC MAMMALS OILS,902,0,100
MISCELLANOUS,INFANT FOOD ,368,15.2,2.9
MISCELLANOUS,BEVERAGES NON-ALCOHOLIC ,39,0,0
MISCELLANOUS,ICE CREAM ,149,2,6.7
MISCELLANOUS,FOOD PREPARATIONS ,41,1.2,0.5